{
  "swagger" : "2.0",
  "info" : {
    "description" : "API of the Ticket'Hack application - hosted on https://kalioz.fr",
    "version" : "1.0.0",
    "title" : "Ticket'Hack API",
    "contact" : {
      "email" : "clement.loiselet@reseau.eseo.fr"
    },
    "license" : {
      "name" : "Apache 2.0",
      "url" : "http://www.apache.org/licenses/LICENSE-2.0.html"
    }
  },
  "host" : "virtserver.swaggerhub.com",
  "basePath" : "/top8/TicketHack/1.0.0",
  "tags" : [ {
    "name" : "Users",
    "description" : "Operations on users"
  }, {
    "name" : "Projects",
    "description" : "Operations on projects"
  }, {
    "name" : "Tickets",
    "description" : "Operations on tickets"
  }, {
    "name" : "Comments",
    "description" : "Operations on comments"
  } ],
  "schemes" : [ "https" ],
  "paths" : {
    "/api/login" : {
      "post" : {
        "tags" : [ "Users" ],
        "summary" : "log the user int the system",
        "description" : "By passing the correct email/password combination, you can log in the system",
        "produces" : [ "application/json" ],
        "parameters" : [ {
          "name" : "email",
          "in" : "query",
          "description" : "email of the user",
          "required" : true,
          "type" : "string"
        }, {
          "name" : "password",
          "in" : "query",
          "description" : "password of the user",
          "required" : true,
          "type" : "string"
        } ],
        "responses" : {
          "200" : {
            "description" : "login succesfull",
            "schema" : {
              "$ref" : "#/definitions/inline_response_200"
            }
          },
          "401" : {
            "description" : "login failed - bad email / password combination"
          },
          "403" : {
            "description" : "login denied / too much requests in 1 min"
          }
        }
      }
    },
    "/api/logout" : {
      "post" : {
        "tags" : [ "Users" ],
        "summary" : "disconnect the user",
        "description" : "disconnect the current user if he is connected",
        "produces" : [ "application/json" ],
        "parameters" : [ ],
        "responses" : {
          "200" : {
            "description" : "informations of the user",
            "schema" : {
              "$ref" : "#/definitions/inline_response_200_1"
            }
          }
        }
      }
    },
    "/api/user/new" : {
      "post" : {
        "tags" : [ "Users" ],
        "summary" : "create an user",
        "description" : "create a new user",
        "produces" : [ "application/json" ],
        "parameters" : [ {
          "name" : "name",
          "in" : "query",
          "description" : "name of the user",
          "required" : true,
          "type" : "string"
        }, {
          "name" : "email",
          "in" : "query",
          "description" : "email of the user",
          "required" : true,
          "type" : "string"
        }, {
          "name" : "password",
          "in" : "query",
          "description" : "password",
          "required" : true,
          "type" : "string"
        } ],
        "responses" : {
          "200" : {
            "description" : "user successfully created",
            "schema" : {
              "$ref" : "#/definitions/inline_response_200_2"
            }
          },
          "405" : {
            "description" : "email already in use"
          }
        }
      }
    },
    "/api/user/{id}" : {
      "get" : {
        "tags" : [ "Users" ],
        "summary" : "get an user information",
        "description" : "get the user information depending on his id",
        "produces" : [ "application/json" ],
        "parameters" : [ {
          "name" : "id",
          "in" : "path",
          "description" : "id of the user",
          "required" : true,
          "type" : "integer"
        } ],
        "responses" : {
          "200" : {
            "description" : "user successfully fetched",
            "schema" : {
              "$ref" : "#/definitions/inline_response_200_3"
            }
          }
        }
      }
    },
    "/api/user/bymail" : {
      "get" : {
        "tags" : [ "Users" ],
        "summary" : "get an user information by his mail address",
        "description" : "get an user information by his mail address. you need to be logged in to access this ressource.",
        "produces" : [ "application/json" ],
        "parameters" : [ {
          "name" : "mail",
          "in" : "query",
          "description" : "mail of the user",
          "required" : true,
          "type" : "string"
        } ],
        "responses" : {
          "200" : {
            "description" : "user successfully fetched",
            "schema" : {
              "$ref" : "#/definitions/inline_response_200_3"
            }
          },
          "401" : {
            "description" : "login needed"
          },
          "404" : {
            "description" : "user doesn't exist"
          }
        }
      }
    },
    "/api/user/me" : {
      "get" : {
        "tags" : [ "Users" ],
        "summary" : "get the connected user information",
        "description" : "get the user information of the connected user. you NEED to be logged in to access this service",
        "produces" : [ "application/json" ],
        "parameters" : [ ],
        "responses" : {
          "200" : {
            "description" : "informations of the current user",
            "schema" : {
              "$ref" : "#/definitions/inline_response_200_3"
            }
          },
          "401" : {
            "description" : "login required"
          }
        }
      }
    },
    "/api/user/me/edit" : {
      "post" : {
        "tags" : [ "Users" ],
        "summary" : "edit the personnal info",
        "description" : "edit the user personnal information depending on the transmitted parameters",
        "produces" : [ "application/json" ],
        "parameters" : [ {
          "name" : "name",
          "in" : "query",
          "description" : "name of the user",
          "required" : false,
          "type" : "string"
        }, {
          "name" : "email",
          "in" : "query",
          "description" : "email of the user",
          "required" : false,
          "type" : "string"
        }, {
          "name" : "password",
          "in" : "query",
          "description" : "password",
          "required" : false,
          "type" : "string"
        } ],
        "responses" : {
          "200" : {
            "description" : "user successfully edited",
            "schema" : {
              "$ref" : "#/definitions/inline_response_200_3"
            }
          },
          "401" : {
            "description" : "login required"
          },
          "403" : {
            "description" : "you tried to edit another user's personnal info (alias /api/user/{id}/edit)"
          }
        }
      }
    },
    "/api/user/me/delete" : {
      "delete" : {
        "tags" : [ "Users" ],
        "summary" : "delete the user",
        "description" : "Indicate to the database the user should be put inactive. this prohibits him from login in while keeping his project / comments safe.",
        "produces" : [ "application/json" ],
        "parameters" : [ ],
        "responses" : {
          "200" : {
            "description" : "user successfully deleted",
            "schema" : {
              "$ref" : "#/definitions/inline_response_200_4"
            }
          },
          "401" : {
            "description" : "login required"
          },
          "403" : {
            "description" : "you tried to delete another user's personnal info (alias /api/user/{id}/delete)"
          }
        }
      }
    },
    "/api/user/{id}/projects" : {
      "get" : {
        "tags" : [ "Users", "Projects" ],
        "summary" : "get the projects associated with the user",
        "description" : "get the projects that the user can interact with.",
        "produces" : [ "application/json" ],
        "parameters" : [ {
          "name" : "id",
          "in" : "path",
          "description" : "id of the user",
          "required" : true,
          "type" : "integer"
        }, {
          "name" : "offset",
          "in" : "query",
          "description" : "offset of the results - default to 0",
          "required" : false,
          "type" : "integer"
        }, {
          "name" : "number",
          "in" : "query",
          "description" : "max number of results returned - default to 20",
          "required" : false,
          "type" : "integer"
        } ],
        "responses" : {
          "200" : {
            "description" : "projects correctly fetched",
            "schema" : {
              "$ref" : "#/definitions/inline_response_200_5"
            }
          }
        }
      }
    },
    "/api/user/me/projects" : {
      "get" : {
        "tags" : [ "Users", "Projects" ],
        "summary" : "get the projects associated with the connected user",
        "description" : "Get the associated projects of the connected user. you need to be logged in to use this function",
        "produces" : [ "application/json" ],
        "parameters" : [ {
          "name" : "offset",
          "in" : "query",
          "description" : "offset of the results - default to 0",
          "required" : false,
          "type" : "integer"
        }, {
          "name" : "number",
          "in" : "query",
          "description" : "max number of results returned - default to 20",
          "required" : false,
          "type" : "integer"
        } ],
        "responses" : {
          "200" : {
            "description" : "projects correctly fetched",
            "schema" : {
              "$ref" : "#/definitions/inline_response_200_5"
            }
          },
          "401" : {
            "description" : "login required"
          }
        }
      }
    },
    "/api/project/new" : {
      "post" : {
        "tags" : [ "Projects" ],
        "summary" : "create a project",
        "description" : "create a new project - you need to be logged in to access this function",
        "produces" : [ "application/json" ],
        "parameters" : [ {
          "name" : "name",
          "in" : "query",
          "description" : "name of the project",
          "required" : true,
          "type" : "string"
        }, {
          "name" : "ticket_prefix",
          "in" : "query",
          "description" : "prefix of the project - 4 char",
          "required" : true,
          "type" : "string"
        } ],
        "responses" : {
          "200" : {
            "description" : "project successfully created",
            "schema" : {
              "$ref" : "#/definitions/inline_response_200_6"
            }
          },
          "401" : {
            "description" : "login required"
          }
        }
      }
    },
    "/api/project/{id}" : {
      "get" : {
        "tags" : [ "Projects" ],
        "summary" : "get a project information",
        "description" : "Get the project information depending on his id; you need to be logged in to access this ressource.",
        "produces" : [ "application/json" ],
        "parameters" : [ {
          "name" : "id",
          "in" : "path",
          "description" : "id of the project",
          "required" : true,
          "type" : "integer"
        } ],
        "responses" : {
          "200" : {
            "description" : "project successfully fetched",
            "schema" : {
              "$ref" : "#/definitions/inline_response_200_7"
            }
          },
          "403" : {
            "description" : "You do nat have the permission to access this project."
          },
          "404" : {
            "description" : "Project not found"
          }
        }
      }
    },
    "/api/project/{id}/edit" : {
      "post" : {
        "tags" : [ "Projects" ],
        "summary" : "edit a project",
        "description" : "edit a project - you need to be the creator or an admin of this project to have access to this function",
        "produces" : [ "application/json" ],
        "parameters" : [ {
          "name" : "id",
          "in" : "path",
          "description" : "id of the project",
          "required" : true,
          "type" : "integer"
        }, {
          "name" : "name",
          "in" : "query",
          "description" : "name of the project",
          "required" : false,
          "type" : "string"
        } ],
        "responses" : {
          "200" : {
            "description" : "project successfully edited",
            "schema" : {
              "$ref" : "#/definitions/inline_response_200_7"
            }
          },
          "401" : {
            "description" : "login required"
          },
          "403" : {
            "description" : "you do not have the right to edit this project"
          }
        }
      }
    },
    "/api/project/{id}/delete" : {
      "delete" : {
        "tags" : [ "Projects" ],
        "summary" : "delete the project",
        "description" : "delete the project from the database. you need to be an admin and logged in to do this action/",
        "produces" : [ "application/json" ],
        "parameters" : [ {
          "name" : "id",
          "in" : "path",
          "description" : "id of the project",
          "required" : true,
          "type" : "integer"
        } ],
        "responses" : {
          "200" : {
            "description" : "project successfully deleted",
            "schema" : {
              "$ref" : "#/definitions/inline_response_200_4"
            }
          },
          "401" : {
            "description" : "login required"
          },
          "403" : {
            "description" : "you tried to delete a project you do not have admin right into"
          }
        }
      }
    },
    "/api/project/{id}/users" : {
      "get" : {
        "tags" : [ "Projects" ],
        "summary" : "get the users having access to this project",
        "description" : "Get the users having access to this project. a \"access_level\" field is added to each user describing his access to this project. you need to be logged in to access this ressource.",
        "produces" : [ "application/json" ],
        "parameters" : [ {
          "name" : "id",
          "in" : "path",
          "description" : "id of the project",
          "required" : true,
          "type" : "integer"
        }, {
          "name" : "offset",
          "in" : "query",
          "description" : "offset of the results - default to 0",
          "required" : false,
          "type" : "integer"
        }, {
          "name" : "number",
          "in" : "query",
          "description" : "max number of results returned - default to 20",
          "required" : false,
          "type" : "integer"
        } ],
        "responses" : {
          "200" : {
            "description" : "users successfully fetched",
            "schema" : {
              "$ref" : "#/definitions/inline_response_200_8"
            }
          },
          "401" : {
            "description" : "login needed"
          },
          "403" : {
            "description" : "You do not have access to this project"
          },
          "404" : {
            "description" : "Project Not Found"
          }
        }
      }
    },
    "/api/project/{id}/adduser" : {
      "post" : {
        "tags" : [ "Projects" ],
        "summary" : "add a user to the project",
        "description" : "add a user to the project - you need to be the creator or an admin of this project to have access to this function",
        "produces" : [ "application/json" ],
        "parameters" : [ {
          "name" : "id",
          "in" : "path",
          "description" : "id of the project",
          "required" : true,
          "type" : "integer"
        }, {
          "name" : "user_id",
          "in" : "query",
          "description" : "user id",
          "required" : true,
          "type" : "integer"
        }, {
          "name" : "access_level",
          "in" : "query",
          "description" : "access level to the project for the user. note it cannot be higher than the current user access.",
          "required" : true,
          "type" : "integer"
        } ],
        "responses" : {
          "200" : {
            "description" : "user succesfully added",
            "schema" : {
              "$ref" : "#/definitions/inline_response_200_9"
            }
          },
          "400" : {
            "description" : "user already in project"
          },
          "401" : {
            "description" : "login required"
          },
          "403" : {
            "description" : "you do not have the right to add users to this project / you cannot give higher clearance access than yours"
          }
        }
      }
    },
    "/api/project/{id}/edituser" : {
      "post" : {
        "tags" : [ "Projects" ],
        "summary" : "edit a user access to the project",
        "description" : "edit a user access to the project - you need to be the creator or an admin of this project to have access to this function",
        "produces" : [ "application/json" ],
        "parameters" : [ {
          "name" : "id",
          "in" : "path",
          "description" : "id of the project",
          "required" : true,
          "type" : "integer"
        }, {
          "name" : "user_id",
          "in" : "query",
          "description" : "user id",
          "required" : true,
          "type" : "integer"
        }, {
          "name" : "access_level",
          "in" : "query",
          "description" : "access level to the project for the user. note it cannot be higher than the current user access.",
          "required" : true,
          "type" : "integer"
        } ],
        "responses" : {
          "200" : {
            "description" : "user succesfully added",
            "schema" : {
              "$ref" : "#/definitions/inline_response_200_9"
            }
          },
          "401" : {
            "description" : "login required"
          },
          "403" : {
            "description" : "you do not have the right to add users to this project / you cannot give higher clearance access than yours"
          }
        }
      }
    },
    "/api/project/{id}/removeuser" : {
      "post" : {
        "tags" : [ "Projects" ],
        "summary" : "remove a user from the project",
        "description" : "remove a user from the project - only admins can remove other users; the creator cannot be removed.",
        "produces" : [ "application/json" ],
        "parameters" : [ {
          "name" : "id",
          "in" : "path",
          "description" : "id of the project",
          "required" : true,
          "type" : "integer"
        }, {
          "name" : "user_id",
          "in" : "query",
          "description" : "user id",
          "required" : true,
          "type" : "integer"
        } ],
        "responses" : {
          "200" : {
            "description" : "user succesfully removed",
            "schema" : {
              "$ref" : "#/definitions/inline_response_200_4"
            }
          },
          "401" : {
            "description" : "login required"
          },
          "403" : {
            "description" : "you do not have the right to remove this user."
          }
        }
      }
    },
    "/api/project/{id}/addticket" : {
      "post" : {
        "tags" : [ "Projects", "Tickets" ],
        "summary" : "add a ticket to the project",
        "description" : "add a ticket to the project - you need to have a user_access to this project >=3",
        "produces" : [ "application/json" ],
        "parameters" : [ {
          "name" : "id",
          "in" : "path",
          "description" : "id of the project",
          "required" : true,
          "type" : "integer"
        }, {
          "name" : "name",
          "in" : "query",
          "description" : "name of the ticket",
          "required" : true,
          "type" : "string"
        }, {
          "name" : "priority",
          "in" : "query",
          "description" : "priority of the ticket",
          "required" : true,
          "type" : "integer"
        }, {
          "name" : "description",
          "in" : "query",
          "description" : "description of the ticket",
          "required" : true,
          "type" : "string"
        }, {
          "name" : "type",
          "in" : "query",
          "description" : "type of the ticket",
          "required" : true,
          "type" : "integer"
        }, {
          "name" : "status",
          "in" : "query",
          "description" : "status of the ticket",
          "required" : true,
          "type" : "integer"
        }, {
          "name" : "due_date",
          "in" : "query",
          "description" : "date where the ticket is needed. user a %Y-%m-%d %H-%i-%s format",
          "required" : false,
          "type" : "string"
        }, {
          "name" : "manager_id",
          "in" : "query",
          "description" : "id of the manager assigned to this ticket. optional",
          "required" : false,
          "type" : "integer"
        } ],
        "responses" : {
          "200" : {
            "description" : "ticket succesfully added",
            "schema" : {
              "$ref" : "#/definitions/inline_response_200_10"
            }
          },
          "401" : {
            "description" : "login required"
          },
          "403" : {
            "description" : "you do not have the right to add tickets to this projects"
          }
        }
      }
    },
    "/api/project/{id}/tickets" : {
      "get" : {
        "tags" : [ "Projects", "Tickets" ],
        "summary" : "get the tickets of this project",
        "description" : "Get the tickets of this project. you need to be logged in to access this ressource.",
        "produces" : [ "application/json" ],
        "parameters" : [ {
          "name" : "id",
          "in" : "path",
          "description" : "id of the project",
          "required" : true,
          "type" : "integer"
        }, {
          "name" : "offset",
          "in" : "query",
          "description" : "offset of the results - default to 0",
          "required" : false,
          "type" : "integer"
        }, {
          "name" : "number",
          "in" : "query",
          "description" : "max number of results returned - default to 20",
          "required" : false,
          "type" : "integer"
        } ],
        "responses" : {
          "200" : {
            "description" : "tickets successfully fetched",
            "schema" : {
              "$ref" : "#/definitions/inline_response_200_11"
            }
          },
          "401" : {
            "description" : "login needed"
          },
          "403" : {
            "description" : "You do not have access to this project"
          },
          "404" : {
            "description" : "this project does not exist"
          }
        }
      }
    },
    "/api/project/{id_project}/ticket/{id_simple_ticket}" : {
      "get" : {
        "tags" : [ "Projects", "Tickets" ],
        "summary" : "get a ticket of this project",
        "description" : "Get a ticket of this project. you need to be logged in to access this ressource.",
        "produces" : [ "application/json" ],
        "parameters" : [ {
          "name" : "id_project",
          "in" : "path",
          "description" : "id of the project",
          "required" : true,
          "type" : "integer"
        }, {
          "name" : "id_simple_ticket",
          "in" : "path",
          "description" : "simple id of the ticket",
          "required" : true,
          "type" : "integer"
        } ],
        "responses" : {
          "200" : {
            "description" : "ticket successfully fetched",
            "schema" : {
              "$ref" : "#/definitions/inline_response_200_12"
            }
          },
          "401" : {
            "description" : "login needed"
          },
          "403" : {
            "description" : "You do not have access to this project"
          },
          "404" : {
            "description" : "this project does not exist"
          }
        }
      }
    },
    "/api/ticket/list" : {
      "get" : {
        "tags" : [ "Tickets", "Users" ],
        "summary" : "get all tickets for the connected user",
        "description" : "get all tickets for the connected user. you need to be logged in to access this ressource.",
        "produces" : [ "application/json" ],
        "parameters" : [ {
          "name" : "offset",
          "in" : "query",
          "description" : "offset of the results - default to 0",
          "required" : false,
          "type" : "integer"
        }, {
          "name" : "number",
          "in" : "query",
          "description" : "max number of results returned - default to 20",
          "required" : false,
          "type" : "integer"
        } ],
        "responses" : {
          "200" : {
            "description" : "tickets successfully fetched",
            "schema" : {
              "$ref" : "#/definitions/inline_response_200_11"
            }
          },
          "401" : {
            "description" : "login needed"
          }
        }
      }
    },
    "/api/ticket/{id}" : {
      "get" : {
        "tags" : [ "Tickets" ],
        "summary" : "get a ticket information",
        "description" : "Get the ticket information depending on his id; you need to be logged in to access this function",
        "produces" : [ "application/json" ],
        "parameters" : [ {
          "name" : "id",
          "in" : "path",
          "description" : "id of the ticket",
          "required" : true,
          "type" : "integer"
        } ],
        "responses" : {
          "200" : {
            "description" : "project successfully fetched",
            "schema" : {
              "$ref" : "#/definitions/inline_response_200_12"
            }
          },
          "401" : {
            "description" : "login needed"
          },
          "403" : {
            "description" : "you do not have the right to access this ticket"
          }
        }
      }
    },
    "/api/ticket/{id}/edit" : {
      "post" : {
        "tags" : [ "Tickets" ],
        "summary" : "edit a ticket",
        "description" : "edit a ticket - you need to be the creator or an admin of this ticket to have access to this function",
        "produces" : [ "application/json" ],
        "parameters" : [ {
          "name" : "id",
          "in" : "path",
          "description" : "id of the ticket",
          "required" : true,
          "type" : "integer"
        }, {
          "name" : "name",
          "in" : "query",
          "description" : "name of the ticket",
          "required" : false,
          "type" : "string"
        }, {
          "name" : "priority",
          "in" : "query",
          "description" : "priority of the ticket",
          "required" : false,
          "type" : "integer"
        }, {
          "name" : "description",
          "in" : "query",
          "description" : "description of the ticket",
          "required" : false,
          "type" : "string"
        }, {
          "name" : "type",
          "in" : "query",
          "description" : "type of the ticket",
          "required" : false,
          "type" : "integer"
        }, {
          "name" : "status",
          "in" : "query",
          "description" : "status of the ticket",
          "required" : false,
          "type" : "integer"
        }, {
          "name" : "due_date",
          "in" : "query",
          "description" : "date where the ticket is needed. user a %Y-%m-%d %H-%i-%s format",
          "required" : false,
          "type" : "string"
        }, {
          "name" : "manager_id",
          "in" : "query",
          "description" : "id of the manager assigned to this ticket. optional",
          "required" : false,
          "type" : "integer"
        } ],
        "responses" : {
          "200" : {
            "description" : "ticket successfully edited",
            "schema" : {
              "$ref" : "#/definitions/inline_response_200_7"
            }
          },
          "401" : {
            "description" : "login required"
          },
          "403" : {
            "description" : "you do not have the right to edit this ticket"
          }
        }
      }
    },
    "/api/ticket/{id}/delete" : {
      "delete" : {
        "tags" : [ "Tickets" ],
        "summary" : "delete the ticket",
        "description" : "delete the ticket from the database. you need to be an admin / creator of the ticket and logged in to do this action/",
        "produces" : [ "application/json" ],
        "parameters" : [ {
          "name" : "id",
          "in" : "path",
          "description" : "id of the ticket",
          "required" : true,
          "type" : "integer"
        } ],
        "responses" : {
          "200" : {
            "description" : "ticket successfully deleted",
            "schema" : {
              "$ref" : "#/definitions/inline_response_200_4"
            }
          },
          "401" : {
            "description" : "login required"
          },
          "403" : {
            "description" : "you do not have sufficent rights to delete this ticket"
          }
        }
      }
    },
    "/api/ticket/{id}/addcomment" : {
      "post" : {
        "tags" : [ "Tickets", "Comments" ],
        "summary" : "add a comment to the ticket",
        "description" : "add a comment to the ticket - you need to be logged in and have user_access >=2 to this project",
        "produces" : [ "application/json" ],
        "parameters" : [ {
          "name" : "id",
          "in" : "path",
          "description" : "id of the ticket",
          "required" : true,
          "type" : "integer"
        }, {
          "name" : "comment",
          "in" : "query",
          "description" : "description of the comment",
          "required" : true,
          "type" : "integer"
        } ],
        "responses" : {
          "200" : {
            "description" : "comment succesfully added",
            "schema" : {
              "$ref" : "#/definitions/inline_response_200_13"
            }
          },
          "401" : {
            "description" : "login required"
          },
          "403" : {
            "description" : "you do not have the right to write comments on this project"
          }
        }
      }
    },
    "/api/ticket/{id}/comments" : {
      "get" : {
        "tags" : [ "Comments", "Tickets" ],
        "summary" : "get the comments of this ticket",
        "description" : "get the comments of this ticket. you need to be logged in to access this ressource.",
        "produces" : [ "application/json" ],
        "parameters" : [ {
          "name" : "id",
          "in" : "path",
          "description" : "id of the ticket",
          "required" : true,
          "type" : "integer"
        }, {
          "name" : "offset",
          "in" : "query",
          "description" : "offset of the results - default to 0",
          "required" : false,
          "type" : "integer"
        }, {
          "name" : "number",
          "in" : "query",
          "description" : "max number of results returned - default to 20",
          "required" : false,
          "type" : "integer"
        } ],
        "responses" : {
          "200" : {
            "description" : "comments successfully fetched",
            "schema" : {
              "$ref" : "#/definitions/inline_response_200_14"
            }
          },
          "401" : {
            "description" : "login needed"
          },
          "403" : {
            "description" : "You do not have access to this project"
          }
        }
      }
    },
    "/api/comment/{id}" : {
      "get" : {
        "tags" : [ "Comments" ],
        "summary" : "get a comment information",
        "description" : "Get the comment information depending on his id; the user has to be logged in.",
        "produces" : [ "application/json" ],
        "parameters" : [ {
          "name" : "id",
          "in" : "path",
          "description" : "id of the comment",
          "required" : true,
          "type" : "integer"
        } ],
        "responses" : {
          "200" : {
            "description" : "comment successfully fetched",
            "schema" : {
              "$ref" : "#/definitions/inline_response_200_15"
            }
          },
          "401" : {
            "description" : "login needed"
          },
          "403" : {
            "description" : "you do not have the right to access this project"
          }
        }
      }
    },
    "/api/comment/{id}/edit" : {
      "post" : {
        "tags" : [ "Comments" ],
        "summary" : "edit a comment",
        "description" : "edit a comment - you need to be the creator or an admin of this comment to have access to this function",
        "produces" : [ "application/json" ],
        "parameters" : [ {
          "name" : "id",
          "in" : "path",
          "description" : "id of the comment",
          "required" : true,
          "type" : "integer"
        }, {
          "name" : "comment",
          "in" : "query",
          "description" : "description of the comment",
          "required" : false,
          "type" : "string"
        } ],
        "responses" : {
          "200" : {
            "description" : "comment successfully edited",
            "schema" : {
              "$ref" : "#/definitions/inline_response_200_15"
            }
          },
          "401" : {
            "description" : "login required"
          },
          "403" : {
            "description" : "you do not have the right to edit this comment"
          }
        }
      }
    },
    "/api/comment/{id}/delete" : {
      "delete" : {
        "tags" : [ "Comments" ],
        "summary" : "delete the comment",
        "description" : "delete the comment from the database. you need to be an admin and logged in to do this action",
        "produces" : [ "application/json" ],
        "parameters" : [ {
          "name" : "id",
          "in" : "path",
          "description" : "id of the comment",
          "required" : true,
          "type" : "integer"
        } ],
        "responses" : {
          "200" : {
            "description" : "comment successfully deleted",
            "schema" : {
              "$ref" : "#/definitions/inline_response_200_4"
            }
          },
          "401" : {
            "description" : "login required"
          },
          "403" : {
            "description" : "you tried to delete a comment you do not have admin rights into"
          }
        }
      }
    }
  },
  "definitions" : {
    "User" : {
      "type" : "object",
      "required" : [ "active", "creation_date", "deletion_date", "email", "id", "last_connection_date", "name" ],
      "properties" : {
        "id" : {
          "type" : "integer",
          "example" : 1778441962
        },
        "creation_date" : {
          "type" : "string",
          "example" : "2018-01-16 17:57:02.579273"
        },
        "deletion_date" : {
          "type" : "string",
          "example" : "2018-01-16 17:57:02.579273"
        },
        "active" : {
          "type" : "boolean",
          "example" : true
        },
        "name" : {
          "type" : "string",
          "example" : "Clément LOISELET"
        },
        "email" : {
          "type" : "string",
          "example" : "test@test.fr"
        },
        "last_connection_date" : {
          "type" : "string",
          "example" : "2018-01-16 17:57:02.579273"
        }
      },
      "example" : {
        "deletion_date" : "2018-01-16 17:57:02.579273",
        "name" : "Clément LOISELET",
        "active" : true,
        "last_connection_date" : "2018-01-16 17:57:02.579273",
        "id" : 1778441962,
        "creation_date" : "2018-01-16 17:57:02.579273",
        "email" : "test@test.fr"
      }
    },
    "Project" : {
      "type" : "object",
      "required" : [ "creation_date", "creator_id", "edition_date", "editor_id", "id", "name", "ticket_prefix" ],
      "properties" : {
        "id" : {
          "type" : "integer",
          "example" : 1778441962
        },
        "creation_date" : {
          "type" : "string",
          "example" : "2018-01-16 17:57:02.579273"
        },
        "edition_date" : {
          "type" : "string",
          "example" : "2018-01-16 17:57:02.579273"
        },
        "name" : {
          "type" : "string",
          "example" : "Projet API Next GEN"
        },
        "editor_id" : {
          "type" : "integer",
          "example" : 1778441962
        },
        "creator_id" : {
          "type" : "integer",
          "example" : 1778441962
        },
        "ticket_prefix" : {
          "type" : "string",
          "example" : "PRUN"
        }
      },
      "example" : {
        "edition_date" : "2018-01-16 17:57:02.579273",
        "name" : "Projet API Next GEN",
        "creator_id" : 1778441962,
        "editor_id" : 1778441962,
        "id" : 1778441962,
        "creation_date" : "2018-01-16 17:57:02.579273",
        "ticket_prefix" : "PRUN"
      }
    },
    "Link_user_project" : {
      "type" : "object",
      "required" : [ "project_id", "user_access", "user_id" ],
      "properties" : {
        "user_id" : {
          "type" : "integer",
          "example" : 1778441962
        },
        "project_id" : {
          "type" : "integer",
          "example" : 1778441962
        },
        "user_access" : {
          "type" : "integer",
          "example" : 1778441962
        }
      },
      "example" : {
        "user_id" : 1778441962,
        "project_id" : 1778441962,
        "user_access" : 1778441962
      }
    },
    "Ticket" : {
      "type" : "object",
      "required" : [ "creation_date", "creator_id", "description", "due_date", "edition_date", "editor_id", "id", "manager_id", "name", "priority", "project_id", "simple_id", "state", "ticket_prefix", "type" ],
      "properties" : {
        "id" : {
          "type" : "integer",
          "example" : 1778441962
        },
        "creation_date" : {
          "type" : "string",
          "example" : "2018-01-16 17:57:02.579273"
        },
        "edition_date" : {
          "type" : "string",
          "example" : "2018-01-16 17:57:02.579273"
        },
        "due_date" : {
          "type" : "string",
          "example" : "2018-01-16 17:57:02.579273"
        },
        "simple_id" : {
          "type" : "integer",
          "example" : 2
        },
        "name" : {
          "type" : "string",
          "example" : "ticket name"
        },
        "project_id" : {
          "type" : "integer",
          "example" : 1778441962
        },
        "editor_id" : {
          "type" : "integer",
          "example" : 1778441962
        },
        "creator_id" : {
          "type" : "integer",
          "example" : 1778441962
        },
        "manager_id" : {
          "type" : "integer",
          "example" : 1778441962
        },
        "type" : {
          "type" : "integer",
          "example" : 0
        },
        "priority" : {
          "type" : "integer",
          "example" : 3
        },
        "state" : {
          "type" : "integer",
          "example" : 0
        },
        "description" : {
          "type" : "string",
          "example" : "a basic description"
        },
        "ticket_prefix" : {
          "type" : "string",
          "example" : "PRE"
        }
      },
      "example" : {
        "due_date" : "2018-01-16 17:57:02.579273",
        "simple_id" : 2,
        "description" : "a basic description",
        "editor_id" : 1778441962,
        "creation_date" : "2018-01-16 17:57:02.579273",
        "type" : 0,
        "priority" : 3,
        "ticket_prefix" : "PRE",
        "edition_date" : "2018-01-16 17:57:02.579273",
        "project_id" : 1778441962,
        "manager_id" : 1778441962,
        "name" : "ticket name",
        "creator_id" : 1778441962,
        "id" : 1778441962,
        "state" : 0
      }
    },
    "Comment" : {
      "type" : "object",
      "required" : [ "comment", "creation_date", "creator_id", "edition_date", "id", "ticket_id" ],
      "properties" : {
        "id" : {
          "type" : "integer",
          "example" : 1778441962
        },
        "creation_date" : {
          "type" : "string",
          "example" : "2018-01-16 17:57:02.579273"
        },
        "edition_date" : {
          "type" : "string",
          "example" : "2018-01-16 17:57:02.579273"
        },
        "comment" : {
          "type" : "string",
          "example" : "some comment"
        },
        "ticket_id" : {
          "type" : "integer",
          "example" : 4568315579
        },
        "creator_id" : {
          "type" : "integer",
          "example" : 4568315579
        }
      },
      "example" : {
        "edition_date" : "2018-01-16 17:57:02.579273",
        "creator_id" : 4568315579,
        "comment" : "some comment",
        "id" : 1778441962,
        "creation_date" : "2018-01-16 17:57:02.579273",
        "ticket_id" : 4568315579
      }
    },
    "inline_response_200_content" : {
      "properties" : {
        "user_id" : {
          "type" : "integer",
          "format" : "int64",
          "example" : 1586347
        }
      },
      "example" : {
        "user_id" : 1586347
      }
    },
    "inline_response_200" : {
      "properties" : {
        "status" : {
          "type" : "integer",
          "example" : 200
        },
        "result" : {
          "type" : "string",
          "example" : "ok"
        },
        "content" : {
          "$ref" : "#/definitions/inline_response_200_content"
        }
      },
      "example" : {
        "result" : "ok",
        "content" : {
          "user_id" : 1586347
        },
        "status" : 200
      }
    },
    "inline_response_200_1_content" : {
      "properties" : {
        "disconnected" : {
          "type" : "boolean",
          "example" : true
        }
      },
      "example" : {
        "disconnected" : true
      }
    },
    "inline_response_200_1" : {
      "properties" : {
        "status" : {
          "type" : "integer",
          "example" : 200
        },
        "result" : {
          "type" : "string",
          "example" : "ok"
        },
        "content" : {
          "$ref" : "#/definitions/inline_response_200_1_content"
        }
      },
      "example" : {
        "result" : "ok",
        "content" : {
          "disconnected" : true
        },
        "status" : 200
      }
    },
    "inline_response_200_2_content" : {
      "properties" : {
        "user_id" : {
          "type" : "integer",
          "example" : 78956345
        }
      },
      "example" : {
        "user_id" : 78956345
      }
    },
    "inline_response_200_2" : {
      "properties" : {
        "status" : {
          "type" : "integer",
          "example" : 200
        },
        "result" : {
          "type" : "string",
          "example" : "ok"
        },
        "content" : {
          "$ref" : "#/definitions/inline_response_200_2_content"
        }
      },
      "example" : {
        "result" : "ok",
        "content" : {
          "user_id" : 78956345
        },
        "status" : 200
      }
    },
    "inline_response_200_3" : {
      "properties" : {
        "status" : {
          "type" : "integer",
          "example" : 200
        },
        "result" : {
          "type" : "string",
          "example" : "ok"
        },
        "content" : {
          "$ref" : "#/definitions/User"
        }
      },
      "example" : {
        "result" : "ok",
        "content" : {
          "deletion_date" : "2018-01-16 17:57:02.579273",
          "name" : "Clément LOISELET",
          "active" : true,
          "last_connection_date" : "2018-01-16 17:57:02.579273",
          "id" : 1778441962,
          "creation_date" : "2018-01-16 17:57:02.579273",
          "email" : "test@test.fr"
        },
        "status" : 200
      }
    },
    "inline_response_200_4_content" : {
      "properties" : {
        "delete" : {
          "type" : "boolean",
          "example" : true
        }
      },
      "example" : {
        "delete" : true
      }
    },
    "inline_response_200_4" : {
      "properties" : {
        "status" : {
          "type" : "integer",
          "example" : 200
        },
        "result" : {
          "type" : "string",
          "example" : "ok"
        },
        "content" : {
          "$ref" : "#/definitions/inline_response_200_4_content"
        }
      },
      "example" : {
        "result" : "ok",
        "content" : {
          "delete" : true
        },
        "status" : 200
      }
    },
    "inline_response_200_5_content" : {
      "properties" : {
        "total" : {
          "type" : "integer",
          "example" : 20
        },
        "list" : {
          "type" : "array",
          "items" : {
            "$ref" : "#/definitions/Project"
          }
        }
      },
      "example" : {
        "total" : 20,
        "list" : [ {
          "edition_date" : "2018-01-16 17:57:02.579273",
          "name" : "Projet API Next GEN",
          "creator_id" : 1778441962,
          "editor_id" : 1778441962,
          "id" : 1778441962,
          "creation_date" : "2018-01-16 17:57:02.579273",
          "ticket_prefix" : "PRUN"
        }, {
          "edition_date" : "2018-01-16 17:57:02.579273",
          "name" : "Projet API Next GEN",
          "creator_id" : 1778441962,
          "editor_id" : 1778441962,
          "id" : 1778441962,
          "creation_date" : "2018-01-16 17:57:02.579273",
          "ticket_prefix" : "PRUN"
        } ]
      }
    },
    "inline_response_200_5" : {
      "properties" : {
        "status" : {
          "type" : "integer",
          "example" : 200
        },
        "result" : {
          "type" : "string",
          "example" : "ok"
        },
        "content" : {
          "$ref" : "#/definitions/inline_response_200_5_content"
        }
      },
      "example" : {
        "result" : "ok",
        "content" : {
          "total" : 20,
          "list" : [ {
            "edition_date" : "2018-01-16 17:57:02.579273",
            "name" : "Projet API Next GEN",
            "creator_id" : 1778441962,
            "editor_id" : 1778441962,
            "id" : 1778441962,
            "creation_date" : "2018-01-16 17:57:02.579273",
            "ticket_prefix" : "PRUN"
          }, {
            "edition_date" : "2018-01-16 17:57:02.579273",
            "name" : "Projet API Next GEN",
            "creator_id" : 1778441962,
            "editor_id" : 1778441962,
            "id" : 1778441962,
            "creation_date" : "2018-01-16 17:57:02.579273",
            "ticket_prefix" : "PRUN"
          } ]
        },
        "status" : 200
      }
    },
    "inline_response_200_6_content" : {
      "properties" : {
        "project_id" : {
          "type" : "integer",
          "example" : 15869743
        }
      },
      "example" : {
        "project_id" : 15869743
      }
    },
    "inline_response_200_6" : {
      "properties" : {
        "status" : {
          "type" : "integer",
          "example" : 200
        },
        "result" : {
          "type" : "string",
          "example" : "ok"
        },
        "content" : {
          "$ref" : "#/definitions/inline_response_200_6_content"
        }
      },
      "example" : {
        "result" : "ok",
        "content" : {
          "project_id" : 15869743
        },
        "status" : 200
      }
    },
    "inline_response_200_7" : {
      "properties" : {
        "status" : {
          "type" : "integer",
          "example" : 200
        },
        "result" : {
          "type" : "string",
          "example" : "ok"
        },
        "content" : {
          "$ref" : "#/definitions/Project"
        }
      },
      "example" : {
        "result" : "ok",
        "content" : {
          "edition_date" : "2018-01-16 17:57:02.579273",
          "name" : "Projet API Next GEN",
          "creator_id" : 1778441962,
          "editor_id" : 1778441962,
          "id" : 1778441962,
          "creation_date" : "2018-01-16 17:57:02.579273",
          "ticket_prefix" : "PRUN"
        },
        "status" : 200
      }
    },
    "inline_response_200_8_content" : {
      "properties" : {
        "total" : {
          "type" : "integer",
          "example" : 1
        },
        "list" : {
          "type" : "array",
          "items" : {
            "$ref" : "#/definitions/User"
          }
        }
      },
      "example" : {
        "total" : 1,
        "list" : [ {
          "deletion_date" : "2018-01-16 17:57:02.579273",
          "name" : "Clément LOISELET",
          "active" : true,
          "last_connection_date" : "2018-01-16 17:57:02.579273",
          "id" : 1778441962,
          "creation_date" : "2018-01-16 17:57:02.579273",
          "email" : "test@test.fr"
        }, {
          "deletion_date" : "2018-01-16 17:57:02.579273",
          "name" : "Clément LOISELET",
          "active" : true,
          "last_connection_date" : "2018-01-16 17:57:02.579273",
          "id" : 1778441962,
          "creation_date" : "2018-01-16 17:57:02.579273",
          "email" : "test@test.fr"
        } ]
      }
    },
    "inline_response_200_8" : {
      "properties" : {
        "status" : {
          "type" : "integer",
          "example" : 200
        },
        "result" : {
          "type" : "string",
          "example" : "ok"
        },
        "content" : {
          "$ref" : "#/definitions/inline_response_200_8_content"
        }
      },
      "example" : {
        "result" : "ok",
        "content" : {
          "total" : 1,
          "list" : [ {
            "deletion_date" : "2018-01-16 17:57:02.579273",
            "name" : "Clément LOISELET",
            "active" : true,
            "last_connection_date" : "2018-01-16 17:57:02.579273",
            "id" : 1778441962,
            "creation_date" : "2018-01-16 17:57:02.579273",
            "email" : "test@test.fr"
          }, {
            "deletion_date" : "2018-01-16 17:57:02.579273",
            "name" : "Clément LOISELET",
            "active" : true,
            "last_connection_date" : "2018-01-16 17:57:02.579273",
            "id" : 1778441962,
            "creation_date" : "2018-01-16 17:57:02.579273",
            "email" : "test@test.fr"
          } ]
        },
        "status" : 200
      }
    },
    "inline_response_200_9_content" : {
      "properties" : {
        "link_user_project" : {
          "$ref" : "#/definitions/Link_user_project"
        }
      },
      "example" : {
        "link_user_project" : {
          "user_id" : 1778441962,
          "project_id" : 1778441962,
          "user_access" : 1778441962
        }
      }
    },
    "inline_response_200_9" : {
      "properties" : {
        "status" : {
          "type" : "integer",
          "example" : 200
        },
        "result" : {
          "type" : "string",
          "example" : "ok"
        },
        "content" : {
          "$ref" : "#/definitions/inline_response_200_9_content"
        }
      },
      "example" : {
        "result" : "ok",
        "content" : {
          "link_user_project" : {
            "user_id" : 1778441962,
            "project_id" : 1778441962,
            "user_access" : 1778441962
          }
        },
        "status" : 200
      }
    },
    "inline_response_200_10_content" : {
      "properties" : {
        "id_ticket" : {
          "type" : "integer",
          "example" : 45682394
        }
      },
      "example" : {
        "id_ticket" : 45682394
      }
    },
    "inline_response_200_10" : {
      "properties" : {
        "status" : {
          "type" : "integer",
          "example" : 200
        },
        "result" : {
          "type" : "string",
          "example" : "ok"
        },
        "content" : {
          "$ref" : "#/definitions/inline_response_200_10_content"
        }
      },
      "example" : {
        "result" : "ok",
        "content" : {
          "id_ticket" : 45682394
        },
        "status" : 200
      }
    },
    "inline_response_200_11_content" : {
      "properties" : {
        "total" : {
          "type" : "integer",
          "example" : 1
        },
        "list" : {
          "type" : "array",
          "items" : {
            "$ref" : "#/definitions/Ticket"
          }
        }
      },
      "example" : {
        "total" : 1,
        "list" : [ {
          "due_date" : "2018-01-16 17:57:02.579273",
          "simple_id" : 2,
          "description" : "a basic description",
          "editor_id" : 1778441962,
          "creation_date" : "2018-01-16 17:57:02.579273",
          "type" : 0,
          "priority" : 3,
          "ticket_prefix" : "PRE",
          "edition_date" : "2018-01-16 17:57:02.579273",
          "project_id" : 1778441962,
          "manager_id" : 1778441962,
          "name" : "ticket name",
          "creator_id" : 1778441962,
          "id" : 1778441962,
          "state" : 0
        }, {
          "due_date" : "2018-01-16 17:57:02.579273",
          "simple_id" : 2,
          "description" : "a basic description",
          "editor_id" : 1778441962,
          "creation_date" : "2018-01-16 17:57:02.579273",
          "type" : 0,
          "priority" : 3,
          "ticket_prefix" : "PRE",
          "edition_date" : "2018-01-16 17:57:02.579273",
          "project_id" : 1778441962,
          "manager_id" : 1778441962,
          "name" : "ticket name",
          "creator_id" : 1778441962,
          "id" : 1778441962,
          "state" : 0
        } ]
      }
    },
    "inline_response_200_11" : {
      "properties" : {
        "status" : {
          "type" : "integer",
          "example" : 200
        },
        "result" : {
          "type" : "string",
          "example" : "ok"
        },
        "content" : {
          "$ref" : "#/definitions/inline_response_200_11_content"
        }
      },
      "example" : {
        "result" : "ok",
        "content" : {
          "total" : 1,
          "list" : [ {
            "due_date" : "2018-01-16 17:57:02.579273",
            "simple_id" : 2,
            "description" : "a basic description",
            "editor_id" : 1778441962,
            "creation_date" : "2018-01-16 17:57:02.579273",
            "type" : 0,
            "priority" : 3,
            "ticket_prefix" : "PRE",
            "edition_date" : "2018-01-16 17:57:02.579273",
            "project_id" : 1778441962,
            "manager_id" : 1778441962,
            "name" : "ticket name",
            "creator_id" : 1778441962,
            "id" : 1778441962,
            "state" : 0
          }, {
            "due_date" : "2018-01-16 17:57:02.579273",
            "simple_id" : 2,
            "description" : "a basic description",
            "editor_id" : 1778441962,
            "creation_date" : "2018-01-16 17:57:02.579273",
            "type" : 0,
            "priority" : 3,
            "ticket_prefix" : "PRE",
            "edition_date" : "2018-01-16 17:57:02.579273",
            "project_id" : 1778441962,
            "manager_id" : 1778441962,
            "name" : "ticket name",
            "creator_id" : 1778441962,
            "id" : 1778441962,
            "state" : 0
          } ]
        },
        "status" : 200
      }
    },
    "inline_response_200_12" : {
      "properties" : {
        "status" : {
          "type" : "integer",
          "example" : 200
        },
        "result" : {
          "type" : "string",
          "example" : "ok"
        },
        "content" : {
          "$ref" : "#/definitions/Ticket"
        }
      },
      "example" : {
        "result" : "ok",
        "content" : {
          "due_date" : "2018-01-16 17:57:02.579273",
          "simple_id" : 2,
          "description" : "a basic description",
          "editor_id" : 1778441962,
          "creation_date" : "2018-01-16 17:57:02.579273",
          "type" : 0,
          "priority" : 3,
          "ticket_prefix" : "PRE",
          "edition_date" : "2018-01-16 17:57:02.579273",
          "project_id" : 1778441962,
          "manager_id" : 1778441962,
          "name" : "ticket name",
          "creator_id" : 1778441962,
          "id" : 1778441962,
          "state" : 0
        },
        "status" : 200
      }
    },
    "inline_response_200_13_content" : {
      "properties" : {
        "id_comment" : {
          "type" : "integer",
          "example" : 45682397
        }
      },
      "example" : {
        "id_comment" : 45682397
      }
    },
    "inline_response_200_13" : {
      "properties" : {
        "status" : {
          "type" : "integer",
          "example" : 200
        },
        "result" : {
          "type" : "string",
          "example" : "ok"
        },
        "content" : {
          "$ref" : "#/definitions/inline_response_200_13_content"
        }
      },
      "example" : {
        "result" : "ok",
        "content" : {
          "id_comment" : 45682397
        },
        "status" : 200
      }
    },
    "inline_response_200_14_content" : {
      "properties" : {
        "total" : {
          "type" : "integer",
          "example" : 1
        },
        "list" : {
          "type" : "array",
          "items" : {
            "$ref" : "#/definitions/Comment"
          }
        }
      },
      "example" : {
        "total" : 1,
        "list" : [ {
          "edition_date" : "2018-01-16 17:57:02.579273",
          "creator_id" : 4568315579,
          "comment" : "some comment",
          "id" : 1778441962,
          "creation_date" : "2018-01-16 17:57:02.579273",
          "ticket_id" : 4568315579
        }, {
          "edition_date" : "2018-01-16 17:57:02.579273",
          "creator_id" : 4568315579,
          "comment" : "some comment",
          "id" : 1778441962,
          "creation_date" : "2018-01-16 17:57:02.579273",
          "ticket_id" : 4568315579
        } ]
      }
    },
    "inline_response_200_14" : {
      "properties" : {
        "status" : {
          "type" : "integer",
          "example" : 200
        },
        "result" : {
          "type" : "string",
          "example" : "ok"
        },
        "content" : {
          "$ref" : "#/definitions/inline_response_200_14_content"
        }
      },
      "example" : {
        "result" : "ok",
        "content" : {
          "total" : 1,
          "list" : [ {
            "edition_date" : "2018-01-16 17:57:02.579273",
            "creator_id" : 4568315579,
            "comment" : "some comment",
            "id" : 1778441962,
            "creation_date" : "2018-01-16 17:57:02.579273",
            "ticket_id" : 4568315579
          }, {
            "edition_date" : "2018-01-16 17:57:02.579273",
            "creator_id" : 4568315579,
            "comment" : "some comment",
            "id" : 1778441962,
            "creation_date" : "2018-01-16 17:57:02.579273",
            "ticket_id" : 4568315579
          } ]
        },
        "status" : 200
      }
    },
    "inline_response_200_15" : {
      "properties" : {
        "status" : {
          "type" : "integer",
          "example" : 200
        },
        "result" : {
          "type" : "string",
          "example" : "ok"
        },
        "content" : {
          "$ref" : "#/definitions/Comment"
        }
      },
      "example" : {
        "result" : "ok",
        "content" : {
          "edition_date" : "2018-01-16 17:57:02.579273",
          "creator_id" : 4568315579,
          "comment" : "some comment",
          "id" : 1778441962,
          "creation_date" : "2018-01-16 17:57:02.579273",
          "ticket_id" : 4568315579
        },
        "status" : 200
      }
    }
  }
}